[
  {
    "id": "acc-1",
    "name": "Business Checking",
    "type": "checking",
    "accountNumber": "••••0986",
    "routingNumber": "111925113",
    "balance": "2847392.18",
    "isActive": true
  },
  {
    "id": "acc-2", 
    "name": "Business Savings",
    "type": "savings",
    "accountNumber": "••••9789",
    "routingNumber": "111925113",
    "balance": "5628750.00",
    "isActive": true
  },
  {
    "id": "acc-3",
    "name": "Credit Line",
    "type": "credit", 
    "accountNumber": "••••9012",
    "routingNumber": "111925113",
    "balance": "1426750.00",
    "availableCredit": "3573250.00",
    "creditLimit": "5000000.00",
    "isActive": true
  }
]
