[
  {
    "id": "txn-1",
    "accountId": "acc-1",
    "description": "ACH Credit - Payroll Deposit",
    "amount": "12500.00",
    "type": "credit",
    "status": "completed",
    "reference": "Ref: 12345678",
    "date": "2023-12-15T10:00:00Z"
  },
  {
    "id": "txn-2",
    "accountId": "acc-1",
    "description": "Wire Transfer Out",
    "amount": "-8750.50",
    "type": "debit",
    "status": "completed",
    "reference": "To: Vendor Payment Systems",
    "date": "2023-12-14T14:30:00Z"
  },
  {
    "id": "txn-3",
    "accountId": "acc-2",
    "description": "Interest Payment",
    "amount": "145.83",
    "type": "credit",
    "status": "completed",
    "reference": "Monthly Interest",
    "date": "2023-12-13T09:00:00Z"
  },
  {
    "id": "txn-4",
    "accountId": "acc-1",
    "description": "Check Payment",
    "amount": "-342.18",
    "type": "debit",
    "status": "pending",
    "reference": "Check #1001 - Office Supplies",
    "date": "2023-12-12T16:45:00Z"
  },
  {
    "id": "txn-5",
    "accountId": "acc-1",
    "description": "Transfer to Savings",
    "amount": "-5000.00",
    "type": "debit",
    "status": "completed",
    "reference": "Internal Transfer",
    "date": "2023-12-11T11:20:00Z"
  }
]
